{
  "1": {
    "precision": 0.7558139534883721,
    "recall": 0.9285714285714286,
    "f1-score": 0.8333333333333334,
    "support": 70
  },
  "2": {
    "precision": 0.5,
    "recall": 0.19047619047619047,
    "f1-score": 0.27586206896551724,
    "support": 21
  },
  "3": {
    "precision": 0.0,
    "recall": 0.0,
    "f1-score": 0.0,
    "support": 2
  },
  "4": {
    "precision": 0.0,
    "recall": 0.0,
    "f1-score": 0.0,
    "support": 4
  },
  "5": {
    "precision": 0.0,
    "recall": 0.0,
    "f1-score": 0.0,
    "support": 2
  },
  "micro avg": {
    "precision": 0.696969696969697,
    "recall": 0.696969696969697,
    "f1-score": 0.696969696969697,
    "support": 99
  },
  "macro avg": {
    "precision": 0.25116279069767444,
    "recall": 0.22380952380952382,
    "f1-score": 0.22183908045977013,
    "support": 99
  },
  "weighted avg": {
    "precision": 0.6404745125675358,
    "recall": 0.696969696969697,
    "f1-score": 0.6477417856728203,
    "support": 99
  }
}
